{"PfkKV4Kb5GJ+BuZxD0yf1g==":"mbr-1620x1080.jpg","DFEDbj+Bhqym7Ck2Z7pg6g==":"mbr-1919x1080.jpg","Rj73L+zJ3eyn00Bdiz7Q+g==":"mbr-720x1080.jpg","3tiimAb6umEGOol/03fuYw==":"mbr-1-720x1080.jpg","vzTyI7RjpmxRGfWgBRv62A==":"mbr-2-720x1080.jpg","Ji0w/6r578F4rqwXi0+gDA==":"mbr-3-720x1080.jpg","P2IOQMmJwfGKAkH57dLFtQ==":"mbr-1920x1080.jpg","eOipMdSNeHjIyUcpFYTdpg==":"mbr-1-1920x1080.jpg","aT8NgVNMTpglDqjEJCBgUA==":"mbr-2-1920x1080.jpg","34WWv43zo6xhl+giXc19PQ==":"mbr-1-1620x1080.jpg","p0F2lzkaoPzHeLX2dXb4RQ==":"mbr-864x1080.jpg","4otffwBDMEgU9CzwQ2ItFQ==":"mbr-1-864x1080.jpg","WQz6JRx/jWPAq2expGsPSA==":"mbr-1618x1080.jpg","YhGYSfVf/vTyRk2uajoRZg==":"mbr-3-1920x1080.jpg","0mhJ2Y8Myz+mXqsvthzaog==":"mbr-2-1620x1080.jpg","FedDCgbvxwVEbxgEkA/2VA==":"mbr-1613x1080.jpg","RFitFAMA7sDqGESK0KBcYA==":"mbr-3-1620x1080.jpg","yUXh0Sv6nt626C3ivUuQNw==":"mbr-810x1080.jpg","zviBdoObCWbtF8R+qmcNaQ==":"man-back-1920x1280.jpg","KyMLbkCZBg3RJpa3jhy85Q==":"assetsbox%20logo%202-96x35.png","PqEQ+48v8n3yhSSaN0AQCQ==":"assetsbox%20logo_h100px-262x95.png","TwH5do433zJGNM7XHDb+5Q==":"1529993747977-266x107.jpg","9vFrXhwSgd2WmEzE4ZQiwg==":"assetsbox%20logo_h89px-238x79.png","eLq7znFoMK8GnuBwfhdcSQ==":"assetsbox%20logo-290x317.png"}